{"cameraMode":{"drawMode":0,"name":"Shaded","section":"Shading Mode"},"sceneLighting":true,"audioPlay":false,"sceneViewState":{"m_AlwaysRefresh":false,"showFog":true,"showSkybox":true,"showFlares":true,"showImageEffects":true,"showParticleSystems":true,"showVisualEffectGraphs":true,"m_FxEnabled":true},"in2DMode":false,"pivot":{"x":3.9767613410949709,"y":7.257114887237549,"z":-4.882606029510498},"rotation":{"x":-0.13752499222755433,"y":0.09583757817745209,"z":-0.01335835736244917,"w":-0.9858009815216065},"size":4.3023247718811039,"orthographic":false}